{"nugrid": 40, "ntgrid": 512, "lambdav": 0.03, "grid": [-2.0, 2.0, -1.8, 4.2, 80, 512], "mtrue": [0.0, 1.6, 1.0], "tlin1D": [-4.0, -3.979949874686717, -3.9598997493734336, -3.9398496240601504, -3.919799498746867, -3.899749373433584, -3.8796992481203008, -3.8596491228070176, -3.8395989974937343, -3.819548872180451, -3.799498746867168, -3.7794486215538847, -3.7593984962406015, -3.7393483709273183, -3.719298245614035, -3.699248120300752, -3.6791979949874687, -3.6591478696741855, -3.6390977443609023, -3.619047619047619, -3.598997493734336, -3.5789473684210527, -3.5588972431077694, -3.5388471177944862, -3.518796992481203, -3.49874686716792, -3.4786967418546366, -3.4586466165413534, -3.43859649122807, -3.418546365914787, -3.398496240601504, -3.3784461152882206, -3.3583959899749374, -3.338345864661654, -3.318295739348371, -3.2982456140350878, -3.2781954887218046, -3.2581453634085213, -3.238095238095238, -3.218045112781955, -3.1979949874686717, -3.1779448621553885, -3.1578947368421053, -3.137844611528822, -3.117794486215539, -3.0977443609022557, -3.0776942355889725, -3.0576441102756893, -3.037593984962406, -3.017543859649123, -2.9974937343358397, -2.9774436090225564, -2.9573934837092732, -2.93734335839599, -2.917293233082707, -2.8972431077694236, -2.8771929824561404, -2.857142857142857, -2.837092731829574, -2.817042606516291, -2.7969924812030076, -2.7769423558897244, -2.756892230576441, -2.736842105263158, -2.7167919799498748, -2.6967418546365916, -2.6766917293233083, -2.656641604010025, -2.636591478696742, -2.6165413533834587, -2.5964912280701755, -2.5764411027568923, -2.556390977443609, -2.536340852130326, -2.5162907268170427, -2.4962406015037595, -2.4761904761904763, -2.456140350877193, -2.43609022556391, -2.4160401002506267, -2.3959899749373434, -2.3759398496240602, -2.355889724310777, -2.335839598997494, -2.3157894736842106, -2.2957393483709274, -2.275689223057644, -2.255639097744361, -2.235588972431078, -2.2155388471177946, -2.1954887218045114, -2.175438596491228, -2.155388471177945, -2.1353383458646618, -2.1152882205513786, -2.0952380952380953, -2.075187969924812, -2.055137844611529, -2.0350877192982457, -2.0150375939849625, -1.9949874686716793, -1.974937343358396, -1.954887218045113, -1.9348370927318297, -1.9147869674185465, -1.8947368421052633, -1.87468671679198, -1.8546365914786969, -1.8345864661654137, -1.8145363408521304, -1.7944862155388472, -1.774436090225564, -1.7543859649122808, -1.7343358395989976, -1.7142857142857144, -1.6942355889724312, -1.674185463659148, -1.6541353383458648, -1.6340852130325816, -1.6140350877192984, -1.5939849624060152, -1.573934837092732, -1.5538847117794488, -1.5338345864661656, -1.5137844611528823, -1.4937343358395991, -1.473684210526316, -1.4536340852130327, -1.4335839598997495, -1.4135338345864663, -1.393483709273183, -1.3734335839599, -1.3533834586466167, -1.3333333333333335, -1.3132832080200503, -1.293233082706767, -1.2731829573934839, -1.2531328320802007, -1.2330827067669174, -1.2130325814536342, -1.192982456140351, -1.1729323308270678, -1.1528822055137846, -1.1328320802005014, -1.1127819548872182, -1.092731829573935, -1.0726817042606518, -1.0526315789473686, -1.0325814536340854, -1.0125313283208022, -0.992481203007519, -0.9724310776942358, -0.9523809523809526, -0.9323308270676693, -0.9122807017543861, -0.8922305764411029, -0.8721804511278197, -0.8521303258145365, -0.8320802005012533, -0.8120300751879701, -0.7919799498746869, -0.7719298245614037, -0.7518796992481205, -0.7318295739348373, -0.7117794486215541, -0.6917293233082709, -0.6716791979949877, -0.6516290726817044, -0.6315789473684212, -0.611528822055138, -0.5914786967418548, -0.5714285714285716, -0.5513784461152884, -0.5313283208020052, -0.511278195488722, -0.4912280701754388, -0.4711779448621556, -0.4511278195488724, -0.43107769423558917, -0.41102756892230596, -0.39097744360902276, -0.37092731829573955, -0.35087719298245634, -0.33082706766917314, -0.31077694235588993, -0.2907268170426067, -0.2706766917293235, -0.2506265664160403, -0.2305764411027571, -0.2105263157894739, -0.1904761904761907, -0.17042606516290748, -0.15037593984962427, -0.13032581453634107, -0.11027568922305786, -0.09022556390977465, -0.07017543859649145, -0.05012531328320824, -0.030075187969925032, -0.010025062656641825, 0.010025062656641381, 0.030075187969924144, 0.050125313283207795, 0.07017543859649145, 0.09022556390977421, 0.11027568922305697, 0.13032581453634062, 0.15037593984962427, 0.17042606516290704, 0.1904761904761898, 0.21052631578947345, 0.2305764411027571, 0.25062656641603986, 0.2706766917293226, 0.2907268170426063, 0.31077694235588993, 0.3308270676691727, 0.35087719298245545, 0.3709273182957391, 0.39097744360902276, 0.4110275689223055, 0.4310776942355883, 0.45112781954887193, 0.4711779448621556, 0.49122807017543835, 0.5112781954887211, 0.5313283208020048, 0.5513784461152884, 0.5714285714285712, 0.5914786967418539, 0.6115288220551376, 0.6315789473684212, 0.651629072681704, 0.6716791979949868, 0.6917293233082704, 0.7117794486215541, 0.7318295739348368, 0.7518796992481196, 0.7719298245614032, 0.7919799498746869, 0.8120300751879697, 0.8320802005012524, 0.8521303258145361, 0.8721804511278197, 0.8922305764411025, 0.9122807017543852, 0.9323308270676689, 0.9523809523809526, 0.9724310776942353, 0.9924812030075181, 1.0125313283208017, 1.0325814536340854, 1.0526315789473681, 1.072681704260651, 1.0927318295739346, 1.1127819548872182, 1.132832080200501, 1.1528822055137837, 1.1729323308270674, 1.192982456140351, 1.2130325814536338, 1.2330827067669166, 1.2531328320802002, 1.2731829573934839, 1.2932330827067666, 1.3132832080200494, 1.333333333333333, 1.3533834586466167, 1.3734335839598995, 1.3934837092731822, 1.4135338345864659, 1.4335839598997495, 1.4536340852130323, 1.473684210526315, 1.4937343358395987, 1.5137844611528823, 1.533834586466165, 1.5538847117794479, 1.5739348370927315, 1.5939849624060152, 1.614035087719298, 1.6340852130325807, 1.6541353383458643, 1.674185463659148, 1.6942355889724308, 1.7142857142857135, 1.7343358395989972, 1.7543859649122808, 1.7744360902255636, 1.7944862155388464, 1.81453634085213, 1.8345864661654137, 1.8546365914786964, 1.8746867167919792, 1.8947368421052628, 1.9147869674185465, 1.9348370927318292, 1.954887218045112, 1.9749373433583957, 1.9949874686716793, 2.015037593984962, 2.035087719298245, 2.0551378446115285, 2.075187969924812, 2.095238095238095, 2.1152882205513777, 2.1353383458646613, 2.155388471177945, 2.1754385964912277, 2.1954887218045105, 2.215538847117794, 2.235588972431078, 2.2556390977443606, 2.2756892230576433, 2.295739348370927, 2.3157894736842106, 2.3358395989974934, 2.355889724310776, 2.37593984962406, 2.3959899749373434, 2.416040100250626, 2.436090225563909, 2.4561403508771926, 2.4761904761904763, 2.496240601503759, 2.516290726817042, 2.5363408521303255, 2.556390977443609, 2.576441102756892, 2.5964912280701746, 2.6165413533834583, 2.636591478696742, 2.6566416040100247, 2.6766917293233075, 2.696741854636591, 2.7167919799498748, 2.7368421052631575, 2.7568922305764403, 2.776942355889724, 2.7969924812030076, 2.8170426065162903, 2.837092731829573, 2.8571428571428568, 2.8771929824561404, 2.897243107769423, 2.917293233082706, 2.9373433583959896, 2.9573934837092732, 2.977443609022556, 2.9974937343358388, 3.0175438596491224, 3.037593984962406, 3.057644110275689, 3.0776942355889716, 3.0977443609022552, 3.117794486215539, 3.1378446115288217, 3.1578947368421044, 3.177944862155388, 3.1979949874686717, 3.2180451127819545, 3.2380952380952372, 3.258145363408521, 3.2781954887218046, 3.2982456140350873, 3.31829573934837, 3.3383458646616537, 3.3583959899749374, 3.37844611528822, 3.398496240601503, 3.4185463659147866, 3.43859649122807, 3.458646616541353, 3.4786967418546357, 3.4987468671679194, 3.518796992481203, 3.538847117794486, 3.5588972431077686, 3.578947368421052, 3.598997493734336, 3.6190476190476186, 3.6390977443609014, 3.659147869674185, 3.6791979949874687, 3.6992481203007515, 3.719298245614034, 3.739348370927318, 3.7593984962406015, 